Tembung,Ngoko,Krama,Ki,Notes
Di sini,neng kene,ing ngriki,-,
Ada,ana,wonten,-,
Adik,adhi,adhi/(rayi),(rayi),rayi jarang dipakai untuk percakapan seharian
Agak,rada,radi,-,"context: agak, lebih, sedikit"
Aku,aku,kula,KA: (dalem),
Anak,anak,lare,putra,
Anda sekalian,kowe kabeh,sampeyan sadaya,panjenengan sadaya,
Apa,apa,menapa,-,
Apa khabar?,Piye kabare?,Kados pundi kabaripun?,-,
Asli,asli,,,
Ayo,ayo,mangga,-,
Baik,apik,sae,-,
Baju,klambi,rasukan,ageman,
Bapak,bapak,bapak,(rama),"rama terlalu tinggi dalam percakapan seharian, hanya di situasi formal, kraton, spiritual"
Bekerja,nyambut gawe,nyambut damel,ngasta,
Belum,durung,dereng,-,
Benar,bener,leres,-,
Berumahtangga,omah-omah,emah-emah,krama,
Besar,gedhe,ageng,-,
Bicycle,pit,sepedha,-,
Biru,biru,-,-,
Bukan,dudu,sanes,-,
Buku,buku,buku,pustaka*,*hanya untuk buku suci
Bunga,kembang,sekar,-,
Car,montor,mobil,-,
Celana,kathok,clana,-,
Coklat,soklat,-,-,
Dan,lan,-,-,
Dari,saka,saking,-,
Daun,godhong,ron,-,
Dengan (bersama),karo,kaliyan,-,
Dia,dheweke,piyambakipun,panjenganipun,
Emas,emas/mas,-,-,
Eraser,setip,-,-,
Excuse me,-,-,KA: nuwun sewu,
Faham/Tau,ngerti/mudheng,ngertos/mangertos,priksa/pirsa,
Happy/suka,seneng,remen,-,
Hijau,ijo,ijem,-,
Hitam,ireng,cemeng,-,
Ibu,ibu,-,-,
Ingin/wish,kepengin,-,-,
Ini,iki/niki,menika,-,
Itu (jauh),kae,menika,-,
Itu / that (nearer the hearer),kuwi,menika,-,Itu / that (nearer the hearer)
Jelek,elek,awon,-,
Juga,uga,ugi,-,
Kaca mata,kaca mata,kaca tingal,tesmak,
Kakak laki-laki,kakang,kangmas,raka,
Kakak perempuan,mbakyu,-,-,
Kami,aku kabeh,kula sadaya,-,
Kamu,kowe,sampeyan,panjenengan,
Karena,amarga/mergane/jalaran,amargi/jalaran,-,
Ke / to,menyang/nyang,dhateng,-,
Kecil,cilik,alit,-,
Kelabu,klawu,-,-,
Keluar,metu,medal,miyos,ngetokake - ngedalaken = mengeluarkan
Keluarga,kulawarga,-,-,sanak kadange
Keluarga dalam satu rumah,brayat,-,-,
Kepunyaan,duwek,gadhahan,kagungan,
Kita,awake dhewe,kita,-,
Kuning,kuning,jene,-,je-nayy
Lelaki,lanang,jaler,kakung,
Malam,bengi,dalu,-,
Mana,ngendi,pundi,-,
Masih,isih,taksih,-,
Masuk,mlebu,mlebet,tindak mlebet,nglebet = dalam
Mau/Akan,arep,badhe,-,
Merah,abang,abrit,-,
Merah jambu,jambon,jambon/abrit enem,-,
Mereka,"dheweke kabeh, wong-wong kuwi","piyambakipun sadaya, tiyang-tiyang menika",penjenganipun sadaya,
Motorcycle,pit motor,sepedha motor,-,
Muda,enom,enem,-,
Mungkin,mbok menawa,mbok menawi,-,
Nama,jeneng,nami/nama,asma,
Pagi,esuk,enjing,-,
Pasangan,bojo,semah,garwa,
Pen,pulpen,-,-,
Pencil,potlot,-,- ,
Perak,perak,-,-,
Perempuan,wedok/wadon,estri,putri,
Pergi / to go,lunga,kesah,tindak,
Pintu,lawang,pintu,-,
Pohon,wit,-,-,
Punya,duwe,gadhah,kagungan,
Putih,putih,pethak,-,
Rumah,omah,griya,dalem,
Rupa,rupa,rupi,-,
Sakit,lara,sakit,gerah,
Salah,salah/kleru,klentu,-,
Sebab,-,-,-,
Seperti,kaya,kados,-,kaya-kaya
Siang,awan,siyang,-,kawanen = kesiangan (terlalu siang)
Siapa,sapa,sinten,-,
Sore,sore,sonten,-,
Sudah,wis/wus,sampun,-,
Tanya,takon,taken,KI: mundhut priksa/pirsa,KA: nyuwun priksa/pirsa
Teman,kanca,rencang,-,
Tidak,ora,mboten,-,
Tinggal,manggon,manggen,lenggah,
Tua,tuwa,tuwa,sepuh,
Uang,dhuwit,arta,-,
Ungu,wungu,-,-,
Warna,werna,warni/werni,-,
Permisi (apabila ke rumah),-,-,KA: Kula nuwun,"Permisi minta izin untuk masuk rumah/kamar/private space
Jawapannya: Mangga
"
Ya,iya,inggih,-,
Yang,sing,ingkang,-,
Di situ (dekat),neng kono,ing ngriku,-,
Di sana (jauh),neng kana,ing ngrika,-,
1,siji,setunggal,-,
2,loro,kalih,-,
3,telu,tiga,-,
4,papat,sekawan/kawan,-,
5,lima,gangsal,-,
6,enem/nem,-,-,"56 - seket enem, 96 - sangang puluh enem, 600 - nem atus, 6.000 - nem yuta, 6am - jam enem, 6 jam - nem jam"
7,pitu,-,-,
8,wolu,-,-,
9,sanga,-,-,
10,sepuluh,sedasa,-,
11,sewelas,-,-,
12,rolas,kalih welas,-,
13,telulas,tiga welas,-,
14,patbelas,kawan welas,-,
15,limalas,gangsal welas,-,
16,nembelas,-,-,
17,pitulas,-,-,
18,wolulas,-,-,
19,sangalas,-,-,
20,rong puluh,kalih dasa,-,
21,selikur,-,-,
50,seket,-,-,
60,sewidak,-,-,
22,rolikur,kalih likur,-,
23,telu likur,tiga likur,-,
24,pat likur,kawan likur,-,
25,selawe,selangkung,-,
26,nem likur,-,-,
27,pitu likur,-,-,
28,wolu likur,-,-,
29,sanga likur,-,-,
30,telung puluh,tigang dasa,-,
100,satus,setunggal atus,-,
1.000,sewu,setunggal ewu,-,
10.000,sepuluh ewu,sedasa ewu,-,
100.000,satus ewu,setunggal atus ewu,-,
1.000.000,sayuta,setunggal yuta,-,
1.000.000.000,samilyar,setunggal milyar,-,
40,patang atus,kawan dasa,-,
70,pitung puluh,pitung dasa,-,
80,wolung puluh,wolung dasa,-,
90,sangang puluh,sangang dasa,-,
Brapa,pira,pinten,,
Nomer,nomer,-,,
Amount,cacah,-,,
Sedikit,sitik/sethithik,sekedhik,,
Banyak,akeh,kathah,,
Dekat,cedhak,celak,,
Umur,umur,umur,yuswa,
Jauh,adoh,tebih,,
Brapa kali,ping pira,kaping pinten,,
Beli,tuku,tumbas,mundhut,
Jual,dodol,sade,-,
Minta,njaluk,(nedha),(mundhut),KA: nyuwun
Menawar,nganyang,ngawis,-,
Harga,rega,regi,-,
Kembalian,susuk,susuk,kondur,kondur also means pulang
Bisa,isa,saged,-,
Tidak cukup,kurang,kirang,-,
Mahal,larang,awis,-,
Murah,murah,mirah,-,
Buah,woh (woh-wohan),-,-,
Pisang,gedhang,pisang,-,
Jeruk,jeruk,jeram,-,
Mangga,pelem,,-,
Papaya,kates/tela gantung,,-,
Kebutuhan,kabutuhan,kabetehan,-,
Setiap,saben,-,-,
Jam,jam,pukul,-,
Pas,pas,-,-,
Lebih,luwih,langkung,-,
1/4,seprapat,seprasekawan,-,
1/2,setengah,setengah,-,
Sekarang,saiki,samenika,-,samangke
Nanti,mengko,mangke,-,
Tadi,dhek mau/mau,(kala) wau,-,
Kira-kira,kira-kira/watara/udakara,kinten-kinten,-,
Tutup,tutup,-,-,
Buka,bukak,bikak,-,
Tidur,turu,tilem,sare,
Besok,sesuk,benjing,-,
(someday in the future),sukemben,benjing emben,-,
Semalam/Kemarin,wingi,kala wingi,-,
Dulu,mbiyen/dhek mben,kala emben/kala semanten/kala rumiyen,-,
Bangun,tangi,tangi,wungu,
Mandi,adus,adus,siram,
Makan,mangan,nedha,dhahar,
Berangkat,mangkat/budhal,bidhal,-,
Sampai,tekan,dumugi,-,masih di jalan/still ongoing
Tiba/Sehingga,teka,dhateng,rawuh,biasanya digunakan untuk tempat cth. saka jogja tekan solo
Sampai/Sehingga,nganti,ngantos,-,biasanya digunakan untuk waktu cth. nyambut gawa saka 8 nganti 6
Pulang,bali/mulih,wangsul,kondur,mantuk
Ajar,mulang,mucal,ngasta,
Bersihkan,ngresiki,-,-,
Memasak,mangsak,-,-,
Sedangkan/whereas,dene/wondene,-,-,connect 2 sentence which are related
Mau (sesuatu yg ditawarkan),gelem,purun,kersa,cth: wonten kersa - ada apa yg diperlukan?
Habis,entek,telas,-,
Warung,warung,wande,-,
Minum,ngombe,ngombe,ngunjuk,
Dibungkus,diwungkus,dipun-wungkus,-,
Untuk,kanggo,kangge,kagem,
Menggunakan,nganggo,ngangge/mawi,ngagem,
Lupa,lali,kesupen,-,cth: nglalekake keselamatan dhewe - melupakan keselematan diri
Jangan,aja,ampun (sampun),-,
Ingin,kepengin,-,-,
Enak,enak,eca,-,
Sangat,banget,sanget,-,nemen
Aja,wae,kemawon/mawon,-,
Masih,isih,taksih,-,
Nasi,sega,sekul,-,
Sayur,jangan,sayur,-,
Lauk,lawuh,-,-,
Daging Ikan,iwak,ulam,-,
Daging Ayam,iwak pitik,ulam ayam,-,
Daging Ikan (air tawar),iwak loh,ulam loh,-,
Daging Sapi,iwak sapi,ulam lembu,-,
Daging Kambing,iwak wedhus,ulam menda,-,
Telur,endhog,tigan,-,
Makanan,panganan,tetedhan,dhaharan,
Minuman (hangat),wedang,benteran,unjukan,
Sendok,sendhok,-,,
Garpu,garpu,-,-,
Piring,piring,lancaran,-,
Kuliner,mangsakan,-,,
Rasa,raos,,,
Menonton,ndelok/ndeleng,ningali,mirsani/mriksani,
Coba,nyoba,nyobi,-,
Membantu,ngerencangi/mbiyantu,-,-,
Bikin/buat,gawe/yasa,damel,ngasta,agawe = membuat
Rebus,godhog,-,-,
Goreng,goreng,-,-,
Manis,legi,manis,,
Masin,asin,,,
Pedas,pedhes,,,
Savoury,gurih,,,
Tawar,(anta),,,
Pahit,pait,,,
Masam,kecut,,,
Bicara,kandha,sanjang,ngendika,KA: matur (usually used in when referring to women/wife speaking)
Tergantung,gumantung,-,-,
Turun/Alight,mudhun,mandhap,medhak,
etc,lan liya-liyane,lan sanes-sanesipun,-,
Sering,kerep,asring,-,
atas,ndhuwur,nginggil,-,
bawah,ngisor,ngandhap,-,
depan,ngarep,ngajeng,-,
belakang,mburi,wingking,-,
kiri,kiwa,-,-,
kanan,tengen,-,-,
dalam,njero,nglebet,-,
luar,njaba,njawi,-,
sebelah,sisih,-,-,
bersebelahan,jejer,-,-,
berdiri,ngadeg,ngadeg,jumeneng,
duduk,lungguh,lungguh,lenggah,
pinggir,pinggir,-,-,
tengah,tengah,-,-,
utara,lor,ler,-,
selatan,kidul,-,-,
timur,wetan ,-,-,
barat,kulon,kilen,-,
sedang,lagi,nembe/saweg,-,atau baru saja
antara / in between,ing antara,ing antawis,-,
bus,bis,-,-,
begini / like this,ngene,mekaten,-,cth: ohhh ngene
kereta api,sepur/kereta,-,-,
pesawat,montor mabur,-,-,
kapal,prau,baita,-,
berjalan,mlaku,mlampah,tindak,
naik kenderaan,numpak/nunggang,numpak,nitih,
naik / board,munggah,minggah,-,
ganti,ganti,gantos,-,
Tunggu / Mengawasi,nunggu,nengga,-,"menunggu sesuatu yang sudah ada, watching over or looking over something"
bertemu,ketemu,pinanggih,-,
ketemu/ditemukan,ketemu,kepanggih,-,
bersama,bareng,sareng,-,
kalau,menawa/yen,menawi/bilih,-,
begitu / like that,ngono/ngaten,mekaten,-,cth: ohhh ngono
begitu / like that (far),ngana,mekaten,-,
ongkos,ongkos,-,-,
hanya,mung,namung,,
Sesudah,sawise,sasampunipun,-,
Sebelum,sedurunge,saderengipun,-,
Sebentar,sedhela,(kala) wingi,-,
Lama (waktu),suwe,dangu,-,
Memang,pancen,panci,,
Mungkin,mbok menawa,mbok menawi/mbok bilih,,
Kapan (past),(dhek) kapan,kala menapa,-,
Kapan (future),(suk) kapan,benjing menapa,-,
Melihat,weruh,sumerep,priksa/pirsa,
Menonton,ndeleng/ndelok,ningali,mriksani/mirsani,
Ikut,melu,tumut,tindak,KA: ndherek
Baca,maca,maos,-,
Tulis,nulis,nyerat,-,
Mencuci baju,ngumbahi,nggirahi,-,
Main gamelan,nabuh,-,-,
Attractive/interesting,nengsemake,nengsemaken,,
Capek/penat,kesel,kesel,sayah,
Popular,kondhang,-,-,
Memuaskan/Satisfied,marem,-,-,
Tunggu (akan datang),ngenteni,ngentosi,-,Menunggu sesuatu yang akan datang
Cari,golek,pados,-,mencari sesuatu yang belum ada cth: golek di Google
Gampang,gampang,gampil,-,
Ternyata,jebul,-,-,
Kenyang,wareg,tuwuk,-,
Taste,nyicipi,-,-,
Garam,uyah,serem,-,
Penjual di pasar,bakul,-,-,
Awal,gasik,-,-,
Beda,beda,benten,-,
Maka/jadi,mula,mila/pramila,-,
Majikan/business owner,juragan,-,-,
ART,rewang,rencang,abdi,
Upah,opah,epah,-,
Gaji,bayar,gaji,-,
Pekerjaan,gawean,pedamelan,-,
Unemployed,nganggur,-,-,
Apply for a job,nglamar,-,-,
Hari,dina,dinten,-,
Minggu,minggu,-,-,
Bulan,sasi,wulan,-,
Tahun,taun,taun/warsa,-,
Depan,ngarep,ngajeng,-,
"Dulu, yang lalu",kepungkur,kepengker,-,
Hari-hari Jawa,pasaran,pekenan,-,"Pon, Wage, Kliwon, Legi, Paing"
Lusa (before),wingine/wingenane,kala winginipun,-,
Ketika,nalika,-,-,
Nikah,rabi/omah-omah/ijab/dadi manten,rabi/ijab/dados temanten,krama,
Pengantin,manten,temanten,,
Stay awake at night,lek-lekan,lek-lekan,wungon,
Kelihatan,katon,katingal/ketingal,-,
Lusa (after),sesuke,benjingipun,-,
Bila (past),dhek,(kala)/nalika,-,
Bila (future),(be)suk,-,-,
Beberapa hari sebelumnya,dhek emben,-,-,
Beberapa hari kedepan,suk emben,-,-,
Dulu (long time ago),biyen,rumiyin,-,
Keluarga besar,sadulur/sedulur,sadherek/sedherek,-,
Sulung,mbarep,mbajeng,,
Mengirim,ngirim,ngintun,-,
Menerima,nampa,nampi,-,
Belanja,blanja,-,-,
"Mencuci piring, alat dapur",asah-asah,-,-,
Mencuci tangan & kaki,wisuh,wijik,-,
Mencuci muka,raup,raup,suryan,
Mendengarkan,ngrungokake,mirengaken,midhangetaken,
Mencuci,ngumbah,nggirah,-,
Dapat / dapat izin / menerima,entuk/oleh,angsal/pikantuk/(pareng),-,get permission cth: kepareng matur - minta izin untuk bicara
Ramah/Friendly,grapyak,-,-,
Hidup,urip,gesang,sugeng,
Dapur,pawon,dhapur,-,
Mendengar,krungu,mireng,midhanget/miarsa,
Terdengar,keprungu,kapireng,kapiarsa,
Berlari,mlayu,mlajar/mlajeng,-,
Berenang,nglangi,-,-,
Pernah,tau,nate,-,
Jarang,arang-arang,awis-awis,-,
Biasanya,Adate/Biasane,Adatipun/Biasanipun,-,
Pasti/Selalu,mesthi/(tansah),temtu,-,
Sawah,sawah,sabin,-,
Padi,pari,pantun,-,
Unmilled rice in storage,gabah,-,-,
Beras,beras,(u)wos,-,
Broken rice (utk kuih etc),menir,,-,
Crops planted in dry season,palawija,,-,"Padi planted in wet season, palawija like jagung etc planted in dry season"
Harvest with knife,ani-ani,,-,
(Musim) hujan,rendheng,,-,
(Musim) panas,ketiga,benter,-,behn-terrr
Keadaan,kahanan,kewontenan,-,"ka-ana-an, ke-wonten-an"
Hampir,meh,,-,
Musim,mangsa,,-,dipun-mangsa = dimakan
Dingin,adhem,asrep,,
Dibandingkan,tinimbang,,,
Tetapi,n(ang)ing,,,
Menurut,manut,miturut,,
Dekat,cedhak,celak,,
Panjang,dawa,panjang,,
Pendek (length),cendhak,cendhak/celak/,,cekak
Tinggi,dhuwur,inggil,,
Pendek (short),cendhek,andhap,,
Tebal,kandel,,,
Tipis,tipis,,,
Gemuk,lemu,lema,,
Kurus,kuru,kera,,
Baru,anyar,enggal,,
Lama,lawas,lami,,used for things
Ramai (lively),rame,,,
Sepi,sepi,sepen,,
Bersih,resik,,,
Kotor,reged,,,
Berat,abot,awrat,,
Ringan,entheng,,,and-theng
Rajin,sregep,,,
Malas,kesed,,,
Sempit,ciyut,,,
Kaya,sugih,,,
miskin,mlarat,,,
Luas (for area),amba,wiyar,,
Dan juga,tur,,,
Kelihatannya/Sepertinya,ketoke,ketingalipun,,
Oleh,dene,dening,,
Luas (for smaller things),jembar,,,"untuk kamar, kasur meja etc"
Selalu,,tansah,,
Takut,wedi,ajrih,,
Seterusnya,banjur,lajeng,,
Jelas,cetha,,,
Kumis,brengos,,,
Lemari,lemari,lemantun,,
Awal/early,mruput,,,
Melayani,ngladeni,ngladosi,,
Sepertinya/Misalnya/Contohnya,kayata/antarane,kadosta/antawisipun,,
Menjemput,methuk,mapag,,dipethuk = dijemput
Pengumuman,wara-wara,,,
Lewat (Pass through),liwat/metu,langkung,miyos,
Tertinggal,keri,kantun,,"cth: [objek] keri, kunciku keri"
Hilang,ilang,ical,,
Kehilangan,kelangan,kecalan,,
Mencari,nggoleki,madosi,,mencari sesuatu yang ada tapi hilang cth: nggoleki HP-ku
Separuh,separo,sepalih,,
Kadang-kadang,kala-kala,kadhang kala,,
Akan,bakal,,,
Ciri-ciri,pawakane,pawakane/badanipun,sariranipun,
Kulit,pakulitane,,,
Kesehatan,kawarasan,kasarasan,,cth: njagi kasarasan sarira
Salah satu,Salah sawijining,Salah satunggalipun,,
Kasi,meneh,,,diwenehi
Sibuk,sibuk/akeh kagiyatane,,,
Main/pergi untuk santai,dolan,,,
Main,dolanan,,,eg. dolanan HP
Minta tolong,njaluk tulung,,,
Kena,kena,,,
Kocek,sak,,,"cth: sak klambi, sak-sak"
Mencuri,nyolong,,,
Sebagai,minangka,,,
ingin,pengen,,,
Kebetulan,kebeneran,kaleresan,,
Tujuan,jujugan,,,
Senang-senang,,remen-remen,,
Pasir,wedhi,pasir,,
Labu,waluh,,,
Tertarik,,keseng-seng,,
Katanya,jarene,sanjangipun,,
Bahaya,bebaya,,,
Tanah,,siti,,
Kecuali,kejaba/kajaba,kejawi,,
Ternyata,,kejebul,,
Ganti,ganti,gantos,,
Oleh-oleh,oleh-oleh,angsul-angsul,,
Laut,segara,seganten,,
Memberi/Kasi,menehi,nyukani/maringi,maringi,
Snek/Snack,camilan/cemilan/nyamikan/klethikan,,,klethikan: snek yg ada bunyi ketika kunyah - klethik-klethik
Semoga,moga-moga,mugi-mugi,,
Kepala,sirah,mustaka,,endhas untuk kepala cth: endhas ayam
Mulai/Sejak,wiwit,,,
Sejak,kawit,,,
Mengundang,ngundang,ngundang,ngaturi,
Terbiasa,kulina,kulinten,,"dikulinakake cth: wis kulina, ora krasa pana, ora kulina, durung kulina"
Mulut ke mulut,gethok tular,,,Word of mouth
Bingung,gumun,,,
Manfaat,manpaat,,,
Ginjal,ginjel,,,
Sembuh,mari,mantun,dhangan,cth: mugi-mugi enggal dhangan
Segera,enggal,,,cth: kula nedha obat supados enggal mantun
Sehingga,saengga,,,cth: kula sampun ngombe obat saengga sakmenika sampun mantun
Umpama,umpama,umpami,,cth: umpama aku isih enom
Badan/Tubuh,awak,badan,sarira,
Panggil,ngundang,ngundang,nimbali,
Istirehat,ngaso,leren,,
Airnya hilang,asat,,,cth: sumure asat
Dua kali,ping pindho,,,
Bergerak,obah,,,diobahake = digerakkan
Pertama,sepisan,ingkang sepisan,,
Terakhir,,pungkasan,,
Kurang,suda,,,nyuda
Tidak begitu/tidak terlalu,ora pati,mboten pados/mboten patos,,"a phrase, cannot be separated"
Sama sekali/at all,babar pisan/babar blas,,,cth: durung/dereng....babar pisan
Panas,panas,benter,,behn-terr
Padahal,kamangka,,,namun
Nggak mau,moh/wegah/gah,,,
Daripada,tinimbang,,,
Hujan,udan,jawah,,cth: jawah deres
Sehat,waras,,,
Setuju,sarujuk,,,
Seperti itu/segitu,semono/semana,,,
Nyamuk,lemut,,,
Anjing,asu,,,
Hamil,meteng,,,
Menarik/Interesting,nengsemake,,,
Tarik,nggered,,,
Setuju,,sarujuk,,
Runtuh,,ambruk,,
Murah hati/generous,,loma,,
Terjadi,,kedadosan,,
Kejadian/Peristiwa,,kedadosan,,
Menderita,nlangsa,,,sangsara = penderitaan
Kasihan,nlangsa,,,
Mengalami,nandang,,,
Cocok,terep,,,
Ternyata,nyatane,,,kasunyatane = kenyataannya
Walaupun/meskipun,arepa/sanajan/senajan,,,
Ambil,njupuk,,,
Sebenarnya,sakjane,sejatosipun,,
Hantu/Setan,memedi/demit,,,
Ingat,eling,emut,,
Dengan,kanthi,,,"rather formal, not used in everyday speech"
Rata,,radin,,
Patung,reca,,,
Batu,watu,sela,,
Memandang,nyawang,,,"sesawangan = pemandangan
cth: urip iku wang sinawang"
Mendukung,sengguyung,,,
Membunuh,mateni/merjaya,mejahi,,"cth: mateni lampu, merjaya orang saja"
Mati,mati,pejah,seda,meninggal dunia: tilar donya
Selain/Kecuali,kejaba,kejawi,,
Matahari,surya/srengengene,,,"cth: srengengene angslup (terbenam)
srengengene njdedhul (terbit)"
Muncul,njedhul,,,
Tamak,serakah,,,
Pemandangan,sesawangan,,,
Harum,wangi,,,
Bau,ambu,ambet,,
Gemuruh,gumrubug,,,
Peninggalan,tinggalan,tilaran,,
Mendekati,nyedhaki,nyelaki,,
Udara/Cuaca,hawa,,,
Menginap,nginap,nyipeng,,
Gempa bumi,lindhu,,,
Daerah/Wilayah,tlatah/laladan/dhaerah,,,
Menakutkan,nggegirisi,,,
Tiba-tiba,dumadakan,,,
Lantai,jogan,,,
Melorot,mlorot,,,
Seandainya/bagaikan,prasasat,,,use prasasat with analogy bagaikan <analogy>
Semakin,Sangsaya/sansaya/saya/tansaya,,,
Membuat diam dari menangis,ngeneng-nengi,,,
Tumpah,mbludak,,,
Terkejut,kaget,,,
Tarik,nggered,,,
Takut,wedi,ajrih,,
Gementar,ndhredheg,,,
Khawatir/Worried,was-was/sumelang,,,
Menderita/Kasihan,nlangsa,,,
Pucat,pucet,,,
Lega,lega,,,
Roof tile,gendheng-gendheng,,,
Rosak,rusak,risak,,
Sekelilingnya,sakiwa tengene,,,
Menyebabkan,ndadekake,,,
Sedih,susah,,,
Kehilangan,kelingan/kelangan,,,
Hujan tiada henti,nggrejih,,,
Memberitahu,ngandhani/ngadani,,,memberi nasihat
Berteriak-teriak,bengok-bengok,,,Screaming
Peduli/Sadar/Perhatikan,nglegewa,,,
Rasa/Feel,rumangsa,,,
Berdebar,dheg-dhegan,,,
Jatuh,tiba,dhawah,,
Pengsan,semaput,,,
Dinjak-injak,kepidak-pidak,,,
Beruntung,begja,,,
Mengalami,nemoni,,,cth: nemoni cilaka
Perut,weteng,weteng,padharan,
Sama sekali/at all,babar pisan,,,
Daripada/compared to,tinimbang,,,
Terpotong,,tugel,,
Batuk,watuk,watuk,cekoh,
Pusing,mumet/ngelu,mumet/ngelu,puyeng,
Nyaman/enak,kepenak,sekeca,,
Pilek/Runny nose,pileg,,,
Sembuh,mari,mantun,dhangan,
Kepala,sirah,sirah,mustaka,
Menginap di rumah sakit,mondhok,,,also used for those who stay in pesantren
Masuk angin,mangsuk angin,,,
Periksa,priksa,,,
Dokter/Medical field,Ndhokteran,,,
Menjenguk,tilik,,,"biasanya digunakan untuk situasi kesehatan cth: tilik wong lara, tilik bayi, tilik bocah sunat"
Rumah sakit,rumah sakit,griya sakit,,
Penyakit,lelara,(se)sakit,,
Dihantar,diterke,,,
Memperbaiki/fix,ndandani,ndandosi,,
(humid),sumuk,,,body feels sumuk when humid weather
Pakai,ngangge,,ngasta,dipun-angge
Gunung,,redi,,
Puncak,,pucuk,,
Air,banyu,toya,,
Kuda,jaran,,,
Meditasai,tapa,,,
Sungai,kali,lepen,,
Haunted/Keras,angker,,,
Suara,,swanten,,
Gendang,,kendhang,,
Hutan,alas,,,
Air terjun,grojogan,,,
Reincarnation,titisan,,,
Menderita,nandhang,,,
Berhidup,ngaurip,ngagesang,,
Terus terang,bloko,,,
Disebut,sinebut,sinebat/dipun-sebat/dipun-namiaken,,
Disebut,diarani,dipun-wastani,,
Mematahkan,nugelake,nugelaken,,mematahkan objek
Mortar & pestle,gandhik & pipisan,,,
Steamer,dandang,,,cth: dandang sega
Diperhatikan,digatekake,dipun-gatosaken,,
Dilakukan,dilakoni,dipun-lampahi,dipun-tindakaken,
Sinful behaviour,nistha,,,"such as murder, infidelity"
Beberapa,sawatara/sawetara,sawatawis,,
Wayang kulit,wayang kulit,ringgit wacucal,,
Kulit,kulit,wacucal,,
Wayang,wayang,ringgit,,
Nanggap,nanggap,,,mengundang dan menyelengarakan
Merdeka,mardika,,,
Berarti,,ateges,,
Mendapat,kenging,,,
Kecelakaan/Musibah,alangan/cilaka,,,
Harmoni bersama-sama,guyub lan rukun,,,
Syaratnya,saranane,,,
Parah,nemen,,,
Katanya,jarane,,,
Hal,babagan,,,
Terkenal,kondhang,,,
Menurut,miturut,,,manut (ngoko) - very informal and usually used for young children to obey (patuh)
Sebagai,minangka,,,
Pemberian,,paringan,,
Pendapat,panemu,pemanggih,,
Tempat istirehat/villa,Pesanggrahan,,,Pesanggrahan raja
Melestarikan,nguri-uri,,,
Hubungan,sesambungan,sesambetan,,
Menunggu,ngadhang,,,menunggu kedatangan di jalan
Lincah/Active,gesit,,,
Semoga segera sembuh,,Mugi-mugi enggal dhangan,,
Rambut,rambut,rambut,rikma,
Hidung,irung,irung,grana,
Mata,mata,mripat,soca/paningal,
Sipit,sipit,,,
Gigi,untu,waos,waja,
Badan,awak,badan,sarira/salira,
Bulu mata,idep,idep,ibing,
Ramping,langsing,,,
Bibir,lambe,tutuk,lathi,
Mata yang besar,mblalak-blalak,,,
Kurus,kuru,kera,,
Gemuk,lemu,lema,,
Mancung,mbangir,,,
Pesek,pesek,,,
Hal tentang kulit,pakulitane,pakulitanipun,,
Alis,alis,alis,imba,
Rambut panjang berombak/wavy,ngombak,,,
Cerewet,crigis,,,
Cengeng,gembeng,,,
Manja,aleman,,,
Bongsu,ragil,wuragil,,
Marah,nesu,,,
Patuh,manut,,,cth: manut marang wong tuwa
Bawa,nggawa,mbekta,ngasta,
Tanah,lemah,siti,,
Berat,bobot,,,
Membuang,mbuwang,mucal,,
Menjelaskan,njelasaken/njlenteraken,,,
Sampah,uwung,,,
Sembarangan/Dimana-mana,sak nggon-nggon,,,
Snek/snack,nyami'an,,,informal: cemilan
Pikir/fikir,mikir,mikir,menggalih,"cth: nembe menggalih menapa? - lagi pikir apa
sampun dipun-penggalih! - jangan dipikir
"
Rela,,rila,,cth: rila gugur - rela mati
Putus,pedhot,pedhot,,"cth: antriane dawa, ora pedhot"
Kalah,kawon,,,
Benar,tenan/temen,,,
Menarik/Tarik,ndudut/narik,,,ndudut = rokok
Cita-cita,gegayuhan,,,
Mencapai/To reach,nggayuh,,,
Kenal,tepung,tepang,,cth: Ndherek tetepangan - dikenalkan
Tepung/flour,,,,
Alat,Sarana,,,
tenggelam,angslup,,,
Berkembang,ngrembaka,,,cth: ngrembakakaken = mengembangkan
Sia-sia,muspra,,,
Berhenti,mandheg,,,
Diajak,dijak/di(a)jak,,,
diperhatikan,digatekake,,,
Hal/tentang,bab,,,
Undangan,ulem,,,cth: serat ulem - surat undangan
Mengunjungi/menghadap,sowan,,,
Pesta desa/bersih desa,merti desa,,,
Menanam padi,tandur,,,
Bermanfaat,mupangati,,,
(kan?),rak,,,
Yang pertama,sing kapisan,,,
waktu sebegini,mene,,,cth: lha kok yah mene durung teka ya?
menyuruh,ngaturi,,,
Segera/cepat,gek,,,
Berdiskusi,rembugan,rembagan,,
Khusus/istimewa,mirunggan/mligi,,,
Terlambat,telat,,,
Bosan,bosen/jeleh,,,
Flat,gepak,,,
"Sampah daun, organik",pawuhan,,,
Mengambil dan memanfaatkan,ngalap,,,
merebut,ngrayah,,,rayahan = rebutan ramai-ramai cth: ngrayah isining gunungan
Supaya,ben,,,
Bundhelane,kesimpulannya,,,
Great grandparents,mbah buyut,,,
Tergesa/terburu,kesesa/kesusu,,,
Butuh,,betah,,
Kegiatan kumpul uang,arisan,,,
sempat,kober,,,
menjelaskan,njlentrehake,,,cth: coba njlentrehna
untung,beja,,,
sejarah,sujarah,,,
Mengakui,ngakoni ,,,
Gadis,kenya,,,
Berbunyi,muni,,,
Terjemahkan,,jarwakaken,,
Puasa,pasa,siyam,,
Menjamin,ngukup,,,
Cerpen,cerkak,,,
Perasaan,raos,,,cth: raos tresna
Berpacaran,yang-yangan,,,
(saling),-an,,,cth: surat-suratan - saling bersurat
Pukul,antem,,,cth: atem-ateman - saling pukul
Terletak/Bertempat,mapan (dari papan),,,
Kukuh/Teguh,puguh,,,
Ketemu,Ketampa,,,
Menciptakan hasil kerja/karya,makarya,,,ma - melakukan
Kebetulan,kapinujon/keleresan,,,
Dekat (hubungan),raket/rumaket,,,cth: kanca raket
Mekar/berkembang,mekrok,,,
Mantan,tilas,,,
Keinginan,karep,kajeng,karsa,
Sembunyi-sembunyi,ndhelik-ndhelik/dhelikan,sesingidan,,
Berubah,ngowahi,ngewahi,,
Wealth/Kekayaan,bandha,,,
Curhat,ngudarasa,,,
Menghargai/menghormati,ngajeni (dari aji),,,
Kenapa,ngapa,,,
Jadi,sida,,,
Justeru/malah,kepara,,,
Kecewa/menyesal,gela,,,
Tergila-gila,kedanan,,,cth: wong edan - orang gila
Selalu bersama-sama,reruntungan,,,
Diam,mendel,,,
Rahsia,wadi,,,
Dsb,lan sapanunggalane,,,
Tidak tau/entah,embuh/mbuh,,,
Sebahagian/Beberapa,saperangan,,,cth: saperangan ageng...
Perhatian,kawigaten,,,
Viral,kembang lambe,,,
Akhir,Wusana,,,
Bunyi,uni/muni/ngunekake,,,
Bersuara,muni,,,
Marah,muni-muni,,,
Cerai,pegatan,,,
Melalaikan,nglirwakake,,,
Hadiah,bebungah,,,kekucah: hadiah dari sultan
Senang,bungah,,,
Pemberian,paweweh/weweh,,,
Hidang,suguh/disuguh,,,
Kedua,kapindho,,,
Ketiga,Kaping telu,,,